<?xml version="1.0" encoding="UTF-8"?>
<project-private xmlns="http://www.netbeans.org/ns/project-private/1">
    <editor-bookmarks xmlns="http://www.netbeans.org/ns/editor-bookmarks/2" lastBookmarkId="0"/>
    <open-files xmlns="http://www.netbeans.org/ns/projectui-open-files/2">
        <group>
            <file>file:/home/usuario/Escritorio/Examen%20ORM%20Vyacheslav%20Shylyayev/creaIdiomas/src/creaidiomas/HibernateUtil.java</file>
            <file>file:/home/usuario/Escritorio/Examen%20ORM%20Vyacheslav%20Shylyayev/creaIdiomas/src/hibernate.reveng.xml</file>
            <file>file:/home/usuario/Escritorio/Examen%20ORM%20Vyacheslav%20Shylyayev/creaIdiomas/src/hibernate.cfg.xml</file>
            <file>file:/home/usuario/Escritorio/Examen%20ORM%20Vyacheslav%20Shylyayev/creaIdiomas/src/creaidiomas/CreaIdiomas.java</file>
        </group>
    </open-files>
</project-private>
