<?xml version="1.0"?>
<!DOCTYPE hibernate-mapping PUBLIC "-//Hibernate/Hibernate Mapping DTD 3.0//EN"
"http://www.hibernate.org/dtd/hibernate-mapping-3.0.dtd">
<!-- Generated 13 feb. 2020 12:16:17 by Hibernate Tools 4.3.1 -->
<hibernate-mapping>
    <class name="ORM.Traductor" table="traductor" catalog="traduccion" optimistic-lock="version">
        <id name="dniNie" type="string">
            <column name="dni_nie" length="9" />
            <generator class="assigned" />
        </id>
        <many-to-one name="idioma" class="ORM.Idioma" fetch="select">
            <column name="id_lengua_nativa" length="2" not-null="true" />
        </many-to-one>
        <property name="nomTrad" type="string">
            <column name="nom_trad" length="50" not-null="true" />
        </property>
        <set name="asigTraduccions" table="asig_traduccion" inverse="true" lazy="true" fetch="select">
            <key>
                <column name="dni_nie_trad" length="9" not-null="true" />
            </key>
            <one-to-many class="ORM.AsigTraduccion" />
        </set>
        <set name="idiomas" table="traductor_lengua" inverse="false" lazy="true" fetch="select">
            <key>
                <column name="dni_nie" length="9" not-null="true" />
            </key>
            <many-to-many entity-name="ORM.Idioma">
                <column name="id_lengua" length="2" not-null="true" />
            </many-to-many>
        </set>
    </class>
</hibernate-mapping>
